run,accuracy,kappa,precision,recall,f1_score
0,0.4251379038613081,0.2319118952015209,0.4427188450232798,0.4231393920322012,0.4166865017650815
1,0.3613081166272656,0.14798985067604165,0.4018531143147304,0.36060210075667065,0.302430376800731
2,0.39282899921197795,0.18862868871810223,0.4199610409669384,0.3905266603729305,0.36365652278426536
