cluster,run_mean,run_std,accuracy_mean,accuracy_std,kappa_mean,kappa_std,precision_mean,precision_std,recall_mean,recall_std,f1_score_mean,f1_score_std
0,1.0,1.0,0.26713947990543735,0.014763588648695999,0.021738789685736393,0.021438148308340402,0.2845482386961234,0.009827320932718025,0.26631652661064426,0.016153073102944022,0.23773270104467784,0.03203157189670595
1,1.0,0.8660254037844386,0.2959022852639874,0.05172661108047533,0.062270588430263424,0.06794861346120135,0.32337263680721784,0.15851630047694648,0.2965813668916343,0.05059069804015327,0.22575754225445077,0.07863153614186982
2,1.0,1.0,0.5555555555555555,0.036221166539112434,0.4076241674010994,0.047321953525027015,0.5868448190445782,0.015808470763799445,0.5549557003858903,0.03435122597548044,0.547873851769582,0.03327882113403909
3,1.0,0.8528028654224417,0.33540189125295505,0.09755386861413029,0.11374141941674848,0.12889003803631402,0.35858735191185964,0.16081140445087663,0.3350772205697956,0.09613538627985795,0.2302832144427596,0.1204710710719228
