run,cluster,accuracy,kappa,precision,recall,f1_score
0,2,0.24468085106382978,0.0,0.061170212765957445,0.25,0.09829059829059829
0,3,0.24468085106382978,0.0,0.061170212765957445,0.25,0.09829059829059829
0,3,0.24468085106382978,0.0,0.061170212765957445,0.25,0.09829059829059829
0,0,0.24113475177304963,0.0,0.06028368794326241,0.25,0.09714285714285714
0,1,0.24822695035460993,0.0,0.06205673758865248,0.25,0.09943181818181818
0,3,0.24468085106382978,0.0,0.061170212765957445,0.25,0.09829059829059829
0,3,0.24468085106382978,0.0,0.061170212765957445,0.25,0.09829059829059829
0,1,0.24822695035460993,0.0,0.06205673758865248,0.25,0.09943181818181818
0,1,0.2553191489361702,0.0,0.06382978723404255,0.25,0.1016949152542373
