run,subject,accuracy_mtl,kappa_mtl,precision_mtl,recall_mtl,f1_score_mtl,accuracy_base,kappa_base,precision_base,recall_base,f1_score_base,accuracy_delta,kappa_delta,precision_delta,recall_delta,f1_score_delta
0,1,0.25177304964539005,0.0,0.06294326241134751,0.25,0.10056657223796034,0.24468085106382978,0.0,0.061170212765957445,0.25,0.09829059829059829,0.007092198581560266,0.0,0.0017730496453900665,0.0,0.0022759739473620505
0,2,0.24184397163120566,-0.015204938321495831,0.12018207836713174,0.23884976525821594,0.15842612552744326,0.24468085106382978,0.0,0.061170212765957445,0.25,0.09829059829059829,-0.0028368794326241176,-0.015204938321495831,0.059011865601174295,-0.01115023474178406,0.06013552723684497
0,3,0.23687943262411348,-0.020333910587285953,0.099284046692607,0.23502543035993742,0.11562421423183304,0.24468085106382978,0.0,0.061170212765957445,0.25,0.09829059829059829,-0.0078014184397162956,-0.020333910587285953,0.038113833926649555,-0.01497456964006258,0.017333615941234753
0,4,0.2553191489361702,0.0,0.06382978723404255,0.25,0.1016949152542373,0.24113475177304963,0.0,0.06028368794326241,0.25,0.09714285714285714,0.01418439716312056,0.0,0.00354609929078014,0.0,0.004552058111380153
0,5,0.24822695035460993,0.0,0.06205673758865248,0.25,0.09943181818181818,0.24822695035460993,0.0,0.06205673758865248,0.25,0.09943181818181818,0.0,0.0,0.0,0.0,0.0
0,6,0.24680851063829787,-0.008027627154584938,0.3733275067922214,0.24408283031522465,0.1580931864660442,0.24468085106382978,0.0,0.061170212765957445,0.25,0.09829059829059829,0.002127659574468088,-0.008027627154584938,0.3121572940262639,-0.0059171696847753474,0.05980258817544591
0,7,0.2631205673758865,0.01415852977396137,0.1333560364518892,0.2604557902973396,0.16106262833675566,0.24468085106382978,0.0,0.061170212765957445,0.25,0.09829059829059829,0.018439716312056736,0.01415852977396137,0.07218582368593177,0.010455790297339618,0.06277203004615738
0,8,0.24822695035460993,0.0,0.06205673758865248,0.25,0.09943181818181818,0.24822695035460993,0.0,0.06205673758865248,0.25,0.09943181818181818,0.0,0.0,0.0,0.0,0.0
0,9,0.24822695035460993,0.0,0.06205673758865248,0.25,0.09943181818181818,0.2553191489361702,0.0,0.06382978723404255,0.25,0.1016949152542373,-0.007092198581560266,0.0,-0.0017730496453900665,0.0,-0.002263097072419118
