run,subject,accuracy,kappa,precision,recall,f1_score
0,1,0.25177304964539005,0.0,0.06294326241134751,0.25,0.10056657223796034
0,2,0.24184397163120566,-0.015204938321495831,0.12018207836713174,0.23884976525821594,0.15842612552744326
0,3,0.23687943262411348,-0.020333910587285953,0.099284046692607,0.23502543035993742,0.11562421423183304
0,4,0.2553191489361702,0.0,0.06382978723404255,0.25,0.1016949152542373
0,5,0.24822695035460993,0.0,0.06205673758865248,0.25,0.09943181818181818
0,6,0.24680851063829787,-0.008027627154584938,0.3733275067922214,0.24408283031522465,0.1580931864660442
0,7,0.2631205673758865,0.01415852977396137,0.1333560364518892,0.2604557902973396,0.16106262833675566
0,8,0.24822695035460993,0.0,0.06205673758865248,0.25,0.09943181818181818
0,9,0.24822695035460993,0.0,0.06205673758865248,0.25,0.09943181818181818
