run,accuracy_mtl,kappa_mtl,precision_mtl,recall_mtl,f1_score_mtl,accuracy_base,kappa_base,precision_base,recall_base,f1_score_base,accuracy_delta,kappa_delta,precision_delta,recall_delta,f1_score_delta
0,0.24893617021276596,-0.0034968118743254895,0.18642463438091678,0.24742890211640212,0.20849623608174783,0.3215130023640662,0.0943291596503174,0.3444225847190647,0.3207677291346646,0.2402553042535072,-0.07257683215130026,-0.0978259715246429,-0.1579979503381479,-0.0733388270182625,-0.03175906817175936
