cluster,run_mean,run_std,accuracy_mean,accuracy_std,kappa_mean,kappa_std,precision_mean,precision_std,recall_mean,recall_std,f1_score_mean,f1_score_std
0,0.0,,0.2553191489361702,,1.3508767190084647e-05,,0.063875088715401,,0.25,,0.10175240248728094,
1,0.0,0.0,0.24846335697399527,0.0010833512281219495,0.00031446224533178874,0.0014443447061021554,0.18705638073618738,0.21662126025895484,0.2502381924396621,0.0010912485359778684,0.10036097387144428,0.0018101451126326122
2,0.0,,0.25177304964539005,,0.0,,0.06294326241134751,,0.25,,0.10056657223796034,
3,0.0,0.0,0.27358156028368796,0.01784243623758094,0.026306241327806207,0.02432067907006551,0.22358674198072903,0.03414931234441483,0.2694730885311871,0.0179719303711421,0.18477360279090044,0.03979396767498095
