metric,mean,std
accuracy,0.24893617021276596,
kappa,-0.0034968118743254895,
precision,0.18642463438091678,
recall,0.24742890211640212,
f1_score,0.20849623608174783,
