metric,mean,std
accuracy,0.2905174678224323,0.03852213710235376
kappa,0.05487627884365761,0.051539978172102686
precision,0.30717418866010754,0.033962860170408005
recall,0.2913100631032979,0.03875134836143695
f1_score,0.2609373399927774,0.060185319922667235
