run,accuracy_mtl,kappa_mtl,precision_mtl,recall_mtl,f1_score_mtl,accuracy_base,kappa_base,precision_base,recall_base,f1_score_base,accuracy_delta,kappa_delta,precision_delta,recall_delta,f1_score_delta
0,0.33483057525610715,0.11402251843686051,0.34061272965073075,0.33577495181913863,0.3269061046514775,0.3215130023640662,0.0943291596503174,0.3444225847190647,0.3207677291346646,0.2402553042535072,0.01331757289204094,0.019693358786543103,-0.0038098550683339227,0.01500722268447402,0.08665080039797032
1,0.26501182033096926,0.019588169417284362,0.27271023295292207,0.26473915663935826,0.24688347010360134,0.3120567375886525,0.07880303274721723,0.36254050570392593,0.3086270410195141,0.21846676733968448,-0.04704491725768323,-0.059214863329932865,-0.08983027275100386,-0.04388788438015584,0.028416702763916862
2,0.27171000788022065,0.03101814867682795,0.3081996033766697,0.27341608085139674,0.2090224452232533,0.33609141055949565,0.1183234057362077,0.2513664374256076,0.33963202533851056,0.23876053723671037,-0.064381402679275,-0.08730525705937975,0.05683316595106208,-0.06621594448711382,-0.029738092013457063
