run,accuracy,kappa,precision,recall,f1_score
0,0.24893617021276596,-0.0034968118743254895,0.18642463438091678,0.24742890211640212,0.20849623608174783
