run,accuracy,kappa,precision,recall,f1_score
0,0.2607565011820331,0.011648601047058338,0.2800056747726,0.25863471262160775,0.22069892960079576
