metric,mean,std
accuracy,0.2607565011820331,
kappa,0.011648601047058338,
precision,0.2800056747726,
recall,0.25863471262160775,
f1_score,0.22069892960079576,
