subject,cluster,run_mean,run_std,accuracy_mean,accuracy_std,kappa_mean,kappa_std,precision_mean,precision_std,recall_mean,recall_std,f1_score_mean,f1_score_std
1,2,0.5,0.7071067811865476,0.2482269503546099,0.005014941710542868,0.0,0.0,0.062056737588652475,0.001253735427635717,0.25,0.0,0.0994285852642793,0.0016093566119836154
2,1,0.5,0.7071067811865476,0.24609929078014184,0.002005976684217159,0.0009723624819920618,0.001393963922266651,0.12928874713697966,0.09621127483757562,0.25078481152616183,0.0011098911042047713,0.12616337223639182,0.03925946520645682
3,1,0.5,0.7071067811865476,0.30035460992907803,0.04964792293437463,0.07175733532216094,0.06388783416745798,0.3119691080888614,0.20962696726633265,0.30431769967631883,0.048252542603694784,0.1886976379699657,0.06199240449863692
4,0,0.5,0.7071067811865476,0.2450354609929078,0.004513447539488608,0.00046066760346785696,0.0006514823725701544,0.1861916051321545,0.17555321324340825,0.2503472222222222,0.0004910463758239896,0.09900762940912813,0.0005998935153446712
5,3,0.5,0.7071067811865476,0.2482269503546099,0.005014941710542888,0.0,0.0,0.062056737588652475,0.001253735427635722,0.25,0.0,0.0994285852642793,0.0016093566119836252
6,1,0.5,0.7071067811865476,0.24680851063829787,0.0010029883421085795,0.001053040859802179,0.0008939214903559038,0.20969571820412974,0.06758799704062175,0.2507463257807716,0.0007078525221614745,0.13730928117089303,0.04050982941740871
7,1,0.5,0.7071067811865476,0.29539007092198577,0.05065091127648317,0.06442376459344862,0.06345851712493263,0.2514304843862722,0.041852071896574465,0.2986276961284616,0.04785552144940902,0.17438195467115053,0.06642064221934499
8,3,0.5,0.7071067811865476,0.24609929078014184,0.002005976684217159,-0.0028214548114322557,0.003957176833471516,0.07743552097884959,0.0228181679900257,0.24789738430583502,0.0029735476311466605,0.10025212636610416,0.0025359992355129565
9,3,0.5,0.7071067811865476,0.2397163120567376,0.006017930052651467,-0.010832927190740471,0.0139827458581525,0.12253473736664863,0.08691076588033764,0.24194857551103727,0.010361641272211768,0.12584840467268654,0.039217403333360025
