run,accuracy_mtl,kappa_mtl,precision_mtl,recall_mtl,f1_score_mtl,accuracy_base,kappa_base,precision_base,recall_base,f1_score_base,accuracy_delta,kappa_delta,precision_delta,recall_delta,f1_score_delta
0,0.2661150512214342,0.025424067055775934,0.2633188674278535,0.26924459609859475,0.2103001117334432,0.4251379038613081,0.2319118952015209,0.4427188450232798,0.4231393920322012,0.4166865017650815,-0.15902285263987392,-0.20648782814574496,-0.1793999775954263,-0.15389479593360644,-0.20638639003163828
1,0.24854215918045705,0.0021720012945757317,0.25592868318420176,0.2516671689210332,0.16951124948863314,0.3613081166272656,0.14798985067604165,0.4018531143147304,0.36060210075667065,0.302430376800731,-0.11276595744680853,-0.1458178493814659,-0.14592443113052866,-0.10893493183563746,-0.13291912731209785
