cluster,run_mean,run_std,accuracy_mean,accuracy_std,kappa_mean,kappa_std,precision_mean,precision_std,recall_mean,recall_std,f1_score_mean,f1_score_std
0,0.5,0.7071067811865476,0.2450354609929078,0.004513447539488608,0.00046066760346785696,0.0006514823725701544,0.1861916051321545,0.17555321324340825,0.2503472222222222,0.0004910463758239896,0.09900762940912813,0.0005998935153446712
1,0.5,0.5345224838248488,0.2721631205673759,0.03844908046269577,0.03455162581435095,0.04951773738713368,0.22559601445406074,0.11639286224828523,0.2761191332779284,0.03740701853402426,0.15663806151210025,0.048883320354451684
2,0.5,0.7071067811865476,0.2482269503546099,0.005014941710542868,0.0,0.0,0.062056737588652475,0.001253735427635717,0.25,0.0,0.0994285852642793,0.0016093566119836154
3,0.5,0.5477225575051661,0.24468085106382978,0.005363878127996882,-0.004551460667390909,0.008215929679955672,0.08734233197805023,0.04904639648031108,0.24661531993895744,0.006098558826355964,0.10850970543435667,0.022134117279967013
