run,accuracy,kappa,precision,recall,f1_score
0,0.2661150512214342,0.025424067055775934,0.2633188674278535,0.26924459609859475,0.2103001117334432
1,0.24854215918045705,0.0021720012945757317,0.25592868318420176,0.2516671689210332,0.16951124948863314
