metric,mean,std
accuracy,0.3233254531126872,0.13339058886700123
kappa,0.0971362797026457,0.17909185820312065
precision,0.2036409839884067,0.10713981942682646
recall,0.32261768814713293,0.13482544133492663
f1_score,0.23242779073717376,0.11335026771636528
