metric,mean,std
accuracy,0.2997898607827686,0.06275935029375199
kappa,0.06787903275678261,0.08332052741497022
precision,0.31880186144429534,0.17273964590507646
recall,0.3010226155698571,0.06261164446649171
f1_score,0.20921796824004735,0.09421831543431249
