metric,mean,std
accuracy,0.37785657998423955,0.08848513384894972
kappa,0.17120174887192496,0.11722502390493877
precision,0.38958815100897476,0.09103155390275626
recall,0.37841584797376343,0.08734283715252306
f1_score,0.36115623035965483,0.1003995244380664
