subject,run_mean,run_std,accuracy_mean,accuracy_std,kappa_mean,kappa_std,precision_mean,precision_std,recall_mean,recall_std,f1_score_mean,f1_score_std
1,0.0,,0.1524822695035461,,-0.12827947340931312,,0.06853648621461357,,0.1519799959175342,,0.09418942178656865,
2,0.0,,0.14609929078014183,,-0.14362703654925957,,0.06952852090520514,,0.14396135265700483,,0.08425519740606523,
3,0.0,,0.37943262411347517,,0.1734554419626706,,0.2637741083924691,,0.37894176654127665,,0.297334703146005,
4,0.0,,0.4475177304964539,,0.2603932395124907,,0.32523433433134724,,0.4448611111111111,,0.37542032566329886,
5,0.0,,0.4368794326241135,,0.24948967791889143,,0.22015058726610817,,0.4364130434782608,,0.2922427035330261,
6,0.0,,0.32127659574468087,,0.08909440712863281,,0.21477495107632094,,0.3155223004694836,,0.2032710196662459,
7,0.0,,0.1652482269503546,,-0.11471434760559762,,0.07979452054794521,,0.16180555555555556,,0.10688073394495413,
8,0.0,,0.3964539007092199,,0.19994799271898067,,0.24760706072471877,,0.40236024844720497,,0.288815714362971,
9,0.0,,0.4645390070921986,,0.28846661564631537,,0.34336828643693196,,0.46771381914676463,,0.349440297125429,
