subject,run_mean,run_std,accuracy_mean,accuracy_std,kappa_mean,kappa_std,precision_mean,precision_std,recall_mean,recall_std,f1_score_mean,f1_score_std
1,1.0,1.0,0.3224586288416076,0.057448267792223416,0.09878369394341076,0.07628543798182436,0.25802108960481424,0.07909037639475858,0.32393249189176926,0.05698933238908511,0.22193836452863222,0.09536314292952193
2,1.0,1.0,0.2607565011820331,0.013574351981045495,0.015249200525773091,0.01879386152910955,0.2582074427941213,0.2680746122091881,0.2615769496204279,0.01429637108640261,0.12135322954009836,0.025293064031711915
3,1.0,1.0,0.39290780141843973,0.11450551735771022,0.1904299340930402,0.1532561134451564,0.6378179758091004,0.10228974805369136,0.39241249023934266,0.11568101498678018,0.3247830887124971,0.17177570295940991
4,1.0,1.0,0.27210401891252955,0.011221223911400333,0.02890257603958372,0.014962810883122709,0.2620762738898077,0.043354603540928585,0.27170907251789606,0.011091899160118057,0.2182300289643558,0.06261337000535916
5,1.0,1.0,0.24775413711583924,0.0028662779321470796,0.0011112188521565924,0.0019246875102635868,0.12499759884986401,0.10978541744138924,0.25084598573729006,0.0014652902794650335,0.11301307158885465,0.024518387075131164
6,1.0,1.0,0.28274231678487,0.024612415650262915,0.04609836748403928,0.03059869555052562,0.2716069686077307,0.11195592737864762,0.2848530757815816,0.0229851451445003,0.2267360591030471,0.04772785676398655
7,1.0,1.0,0.316548463356974,0.08521663465460669,0.09196884569308672,0.1118832728857618,0.3501076650126287,0.08315392114657467,0.3197506941811902,0.08434062434745243,0.19387167137973815,0.07581702486020729
8,1.0,1.0,0.3170212765957447,0.057839477527949726,0.09309024919793152,0.07574549836197901,0.426014403085973,0.04166800676195368,0.3202991661725587,0.05729929944806,0.23742045958516636,0.09679118078255285
9,1.0,1.0,0.28581560283687946,0.019769304772718235,0.04527720898202151,0.02806808224708849,0.28036733534461855,0.12274154563342995,0.28382361398665745,0.021077896826164306,0.22561574075803645,0.07729339605087536
