subject,run_mean,run_std,accuracy_mean,accuracy_std,kappa_mean,kappa_std,precision_mean,precision_std,recall_mean,recall_std,f1_score_mean,f1_score_std
1,0.0,,0.23546099290780143,,-0.01949132079521365,,0.11551682655744869,,0.23533374157991427,,0.14497133164116086,
2,0.0,,0.2553191489361702,,0.0,,0.06382978723404255,,0.25,,0.1016949152542373,
3,0.0,,0.24822695035460993,,-3.3453878809375226e-06,,0.06210078069552875,,0.25,,0.09948834565093803,
4,0.0,,0.24893617021276596,,0.0009300271648222669,,0.18714488636363635,,0.25069444444444444,,0.10092615289850973,
5,0.0,,0.24468085106382978,,0.0,,0.061170212765957445,,0.25,,0.09829059829059829,
6,0.0,,0.2553191489361702,,0.0,,0.06382978723404255,,0.25,,0.1016949152542373,
7,0.0,,0.2553191489361702,,0.0,,0.06382978723404255,,0.25,,0.1016949152542373,
8,0.0,,0.24326241134751772,,-0.00651286013908825,,0.08015987788222062,,0.24502070393374742,,0.10107247671698652,
9,0.0,,0.2673758865248227,,0.029426463826639715,,0.18035340563165905,,0.27226985098999795,,0.14994941253045607,
