subject,run_mean,run_std,accuracy_mean,accuracy_std,kappa_mean,kappa_std,precision_mean,precision_std,recall_mean,recall_std,f1_score_mean,f1_score_std
1,0.5,0.7071067811865476,0.474822695035461,0.013540342618465784,0.29905030376161035,0.01851125375374538,0.46811151056857914,0.017998971521657373,0.47292913276762016,0.014611694693353588,0.46301591653240604,0.019744038423394658
2,0.5,0.7071067811865476,0.3719858156028369,0.09377940998715206,0.16380615475953247,0.12334060593130017,0.35229052267550237,0.16062640998427818,0.3736063725347253,0.09233563710683168,0.3189780680044363,0.16771279719993612
3,0.5,0.7071067811865476,0.5382978723404256,0.0,0.38386685721634983,0.0006652964259658161,0.5466330093244891,0.0038211266071023573,0.5365461853245075,0.001209938957349159,0.5275429259985027,0.007870987933174976
4,0.5,0.7071067811865476,0.2914893617021277,0.029086661921148785,0.054680780835544396,0.04035019446321128,0.30001917574443293,0.01239368914973738,0.29130894024276377,0.030812128472922203,0.2857076698665317,0.025639247139561297
5,0.5,0.7071067811865476,0.2854609929078014,0.010531377592140045,0.04946807983360668,0.011302408758029858,0.32245719093497605,0.06121549859475509,0.2872633141846247,0.008337504380402167,0.24921086270951615,0.024517204815534245
6,0.5,0.7071067811865476,0.30248226950354606,0.011534365934248685,0.07278838547906652,0.014979805414643844,0.31633646514681923,0.001324551196543105,0.3050462193450558,0.011385333998520632,0.2778423280356599,0.014690887790247199
7,0.5,0.7071067811865476,0.42624113475177305,0.009026895078977215,0.23575046060980764,0.012201256938295556,0.44487415599426194,0.032172245393939425,0.4269619650268762,0.009279698271594741,0.4254456835171918,0.01524717055231132
8,0.5,0.7071067811865476,0.3702127659574468,0.039116545342234584,0.16163838724295754,0.0519008989014652,0.40468761298268663,0.0005526007035569993,0.3716167658122649,0.03927547942244038,0.36144272300032876,0.04474425188071801
9,0.5,0.7071067811865476,0.3397163120567376,0.002005976684217159,0.11976633010884935,0.0027075850800987074,0.35088371570902577,0.0013615843094459967,0.3404637365254328,0.0018023906410875759,0.34121989557231996,0.0016770262064854176
