subject,run,tl_accuracy,baseline_accuracy,delta_accuracy,tl_kappa,baseline_kappa,delta_kappa,tl_precision,baseline_precision,delta_precision,tl_recall,baseline_recall,delta_recall,tl_f1_score,baseline_f1_score,delta_f1_score
1,0,0.23546099290780143,0.24468085106382978,-0.009219858156028354,-0.01949132079521365,0.0,-0.01949132079521365,0.11551682655744869,0.061170212765957445,0.05434661379149124,0.23533374157991427,0.25,-0.014666258420085732,0.14497133164116086,0.09829059829059829,0.04668073335056257
2,0,0.2553191489361702,0.24468085106382978,0.010638297872340413,0.0,0.0,0.0,0.06382978723404255,0.061170212765957445,0.0026595744680851033,0.25,0.25,0.0,0.1016949152542373,0.09829059829059829,0.0034043169636390064
3,0,0.24822695035460993,0.24468085106382978,0.003546099290780147,-3.3453878809375226e-06,0.0,-3.3453878809375226e-06,0.06210078069552875,0.061170212765957445,0.0009305679295713021,0.25,0.25,0.0,0.09948834565093803,0.09829059829059829,0.0011977473603397432
4,0,0.24893617021276596,0.24113475177304963,0.007801418439716323,0.0009300271648222669,0.0,0.0009300271648222669,0.18714488636363635,0.06028368794326241,0.12686119842037394,0.25069444444444444,0.25,0.000694444444444442,0.10092615289850973,0.09714285714285714,0.003783295755652588
5,0,0.24468085106382978,0.24822695035460993,-0.003546099290780147,0.0,0.0,0.0,0.061170212765957445,0.06205673758865248,-0.0008865248226950367,0.25,0.25,0.0,0.09829059829059829,0.09943181818181818,-0.0011412198912198884
6,0,0.2553191489361702,0.24468085106382978,0.010638297872340413,0.0,0.0,0.0,0.06382978723404255,0.061170212765957445,0.0026595744680851033,0.25,0.25,0.0,0.1016949152542373,0.09829059829059829,0.0034043169636390064
7,0,0.2553191489361702,0.24468085106382978,0.010638297872340413,0.0,0.0,0.0,0.06382978723404255,0.061170212765957445,0.0026595744680851033,0.25,0.25,0.0,0.1016949152542373,0.09829059829059829,0.0034043169636390064
8,0,0.24326241134751772,0.24822695035460993,-0.004964539007092206,-0.00651286013908825,0.0,-0.00651286013908825,0.08015987788222062,0.06205673758865248,0.01810314029356814,0.24502070393374742,0.25,-0.004979296066252581,0.10107247671698652,0.09943181818181818,0.0016406585351683434
9,0,0.2673758865248227,0.2553191489361702,0.0120567375886525,0.029426463826639715,0.0,0.029426463826639715,0.18035340563165905,0.06382978723404255,0.1165236183976165,0.27226985098999795,0.25,0.022269850989997952,0.14994941253045607,0.1016949152542373,0.04825449727621878
